{"cameraMode":{"drawMode":0,"name":"Shaded","section":"Shading Mode"},"sceneLighting":true,"audioPlay":false,"sceneViewState":{"m_AlwaysRefresh":false,"showFog":true,"showSkybox":true,"showFlares":true,"showImageEffects":true,"showParticleSystems":true,"showVisualEffectGraphs":true,"m_FxEnabled":true},"in2DMode":false,"pivot":{"x":-1.3713173866271973,"y":1.4502545595169068,"z":-5.10223388671875},"rotation":{"x":0.0028472973499447109,"y":-0.9917083382606506,"z":0.02231716178357601,"w":0.12652575969696046},"size":2.402988910675049,"orthographic":true}