{"cameraMode":{"drawMode":0,"name":"Shaded","section":"Shading Mode"},"sceneLighting":true,"audioPlay":false,"sceneViewState":{"m_AlwaysRefresh":false,"showFog":true,"showSkybox":true,"showFlares":true,"showImageEffects":true,"showParticleSystems":true,"showVisualEffectGraphs":true,"m_FxEnabled":true},"in2DMode":false,"pivot":{"x":-2.7406740188598635,"y":2.3400893211364748,"z":-1.8118010759353638},"rotation":{"x":0.18250004947185517,"y":-0.6919999718666077,"z":0.18772073090076447,"w":0.6727526187896729},"size":0.8410691022872925,"orthographic":false}