{"cameraMode":{"drawMode":0,"name":"Shaded","section":"Shading Mode"},"sceneLighting":true,"audioPlay":false,"sceneViewState":{"m_AlwaysRefresh":false,"showFog":true,"showSkybox":true,"showFlares":true,"showImageEffects":true,"showParticleSystems":true,"showVisualEffectGraphs":true,"m_FxEnabled":true},"in2DMode":false,"pivot":{"x":0.19460324943065644,"y":3.5270586013793947,"z":0.19071269035339356},"rotation":{"x":-0.02596084401011467,"y":-0.9163028597831726,"z":0.3951015770435333,"w":-0.060294102877378467},"size":4.003909587860107,"orthographic":true}